id,model,seed,line,expected_class,predicted_class,source_label_conflict,text
p122-07,byt5,42,1,శార్దూలం,మత్తేభము,False,అజాబిల్లివెలుంగువెల్లికల డాయ న్లేక రాకానిశా
p122-07,byt5,73,1,శార్దూలం,మత్తేభము,False,అజాబిల్లివెలుంగువెల్లికల డాయ న్లేక రాకానిశా
p156-01,cnn,17,1,ఉత్పలమాల,మత్తేభము,True,నను శ్రీరామపదారవిందభజనానందున్ జగత్ప్రాణనం
p156-01,cnn,17,2,ఉత్పలమాల,మత్తేభము,True,దనకారుణ్యకటాక్షలబ్ధకవితాధా రాసుధా రాశిసం
p156-01,cnn,17,3,ఉత్పలమాల,మత్తేభము,True,జనితైకైకదినప్రబంధఘటికా సద్యశ్శతగ్రంథక
p156-01,cnn,17,4,ఉత్పలమాల,మత్తేభము,True,ల్పను సంగీతకళారహస్యనిధిఁ బిల్వం బంచి పల్కెన్ గృపన్.
p156-01,cnn,42,1,ఉత్పలమాల,మత్తేభము,True,నను శ్రీరామపదారవిందభజనానందున్ జగత్ప్రాణనం
p156-01,cnn,42,2,ఉత్పలమాల,మత్తేభము,True,దనకారుణ్యకటాక్షలబ్ధకవితాధా రాసుధా రాశిసం
p156-01,cnn,42,3,ఉత్పలమాల,మత్తేభము,True,జనితైకైకదినప్రబంధఘటికా సద్యశ్శతగ్రంథక
p156-01,cnn,42,4,ఉత్పలమాల,మత్తేభము,True,ల్పను సంగీతకళారహస్యనిధిఁ బిల్వం బంచి పల్కెన్ గృపన్.
p156-01,cnn,73,1,ఉత్పలమాల,మత్తేభము,True,నను శ్రీరామపదారవిందభజనానందున్ జగత్ప్రాణనం
p156-01,cnn,73,2,ఉత్పలమాల,మత్తేభము,True,దనకారుణ్యకటాక్షలబ్ధకవితాధా రాసుధా రాశిసం
p156-01,cnn,73,3,ఉత్పలమాల,మత్తేభము,True,జనితైకైకదినప్రబంధఘటికా సద్యశ్శతగ్రంథక
p156-01,cnn,73,4,ఉత్పలమాల,మత్తేభము,True,ల్పను సంగీతకళారహస్యనిధిఁ బిల్వం బంచి పల్కెన్ గృపన్.
p156-01,byt5,17,1,ఉత్పలమాల,మత్తేభము,True,నను శ్రీరామపదారవిందభజనానందున్ జగత్ప్రాణనం
p156-01,byt5,17,2,ఉత్పలమాల,మత్తేభము,True,దనకారుణ్యకటాక్షలబ్ధకవితాధా రాసుధా రాశిసం
p156-01,byt5,17,3,ఉత్పలమాల,మత్తేభము,True,జనితైకైకదినప్రబంధఘటికా సద్యశ్శతగ్రంథక
p156-01,byt5,17,4,ఉత్పలమాల,మత్తేభము,True,ల్పను సంగీతకళారహస్యనిధిఁ బిల్వం బంచి పల్కెన్ గృపన్.
p156-01,byt5,42,1,ఉత్పలమాల,మత్తేభము,True,నను శ్రీరామపదారవిందభజనానందున్ జగత్ప్రాణనం
p156-01,byt5,42,2,ఉత్పలమాల,మత్తేభము,True,దనకారుణ్యకటాక్షలబ్ధకవితాధా రాసుధా రాశిసం
p156-01,byt5,42,3,ఉత్పలమాల,మత్తేభము,True,జనితైకైకదినప్రబంధఘటికా సద్యశ్శతగ్రంథక
p156-01,byt5,42,4,ఉత్పలమాల,మత్తేభము,True,ల్పను సంగీతకళారహస్యనిధిఁ బిల్వం బంచి పల్కెన్ గృపన్.
p156-01,byt5,73,1,ఉత్పలమాల,మత్తేభము,True,నను శ్రీరామపదారవిందభజనానందున్ జగత్ప్రాణనం
p156-01,byt5,73,2,ఉత్పలమాల,మత్తేభము,True,దనకారుణ్యకటాక్షలబ్ధకవితాధా రాసుధా రాశిసం
p156-01,byt5,73,3,ఉత్పలమాల,మత్తేభము,True,జనితైకైకదినప్రబంధఘటికా సద్యశ్శతగ్రంథక
p156-01,byt5,73,4,ఉత్పలమాల,మత్తేభము,True,ల్పను సంగీతకళారహస్యనిధిఁ బిల్వం బంచి పల్కెన్ గృపన్.
