id,expected_class,status,line_count,benchmark_exclusions,cnn_prediction,cnn_confidence,cnn_correct,byt5_prediction,byt5_confidence,byt5_correct,cnn_seed_agreement,byt5_seed_agreement,first_line
p018-01,మత్తేభము,complete_four_line_quotation,4,conflicting_source_labels,మత్తేభము,0.9977874543010874,True,మత్తేభము,0.994699631513515,True,1.0,1.0,నను శ్రీరామపదారవిందభజనానందున్ జగత్ప్రాణనం
p055-01,శార్దూలం,complete_four_line_quotation,4,previously_probed,శార్దూలం,0.9946448189496683,True,శార్దూలం,0.9959205724208422,True,1.0,1.0,శ్రీభూపుత్రి వివాహవేళ నిజమంజీరాగ్రరత్నస్వలీ
p059-01,శార్దూలం,complete_four_line_quotation,4,,శార్దూలం,0.9977121466209329,True,శార్దూలం,0.9959048688583744,True,1.0,1.0,శ్రీవైదేహసుతన్ భృగూద్వహజయశ్రీనబ్జభృచ్చాపలీ
p066-01,శార్దూలం,complete_four_line_quotation,4,,శార్దూలం,0.9966469344323854,True,శార్దూలం,0.9959281915700446,True,1.0,1.0,శ్రీలీలావతి తా సురోమణిసభాసింహాసనత్కౌస్తుభా
p087-01,మత్తేభము,complete_four_line_quotation,4,previously_probed,మత్తేభము,0.9970748115558745,True,మత్తేభము,0.9947285801173663,True,1.0,1.0,సకలామోదకతాళవృత్తగతులన్ సంగీతసాహిత్యనా
p088-01,మత్తేభము,complete_four_line_quotation,4,,మత్తేభము,0.9993261928231485,True,మత్తేభము,0.9946493765609973,True,1.0,1.0,అరిగాఁ బంచమ మేవగించి నవలా లవ్వేళ హిందోళవై
p119-01,మత్తేభము,complete_four_line_quotation,4,previously_probed,మత్తేభము,0.9970586553243659,True,మత్తేభము,0.9947290964527298,True,1.0,1.0,సకలామోదకతాళవృత్తగతులన్ సంగీతసాహిత్యనా
p119-06,చంపకమాల,complete_four_line_quotation,4,,చంపకమాల,0.9907078477292391,True,చంపకమాల,0.9959084117960242,True,1.0,1.0,అన నిని కేళికాసచివుఁ డాస్వన మల్లన నాలకించి యో
p122-07,శార్దూలం,complete_four_line_quotation,4,,శార్దూలం,0.9686918164301687,True,శార్దూలం,0.9958029114265808,True,1.0,1.0,అజాబిల్లివెలుంగువెల్లికల డాయ న్లేక రాకానిశా
p124-01,ఉత్పలమాల,complete_four_line_quotation,4,corpus_overlap,ఉత్పలమాల,0.9873339670550512,True,ఉత్పలమాల,0.9928235908111666,True,1.0,1.0,పాటున కింతు లోర్తురె కృపారహితాత్మక నీవు ద్రోయ ని
p125-06,చంపకమాల,complete_four_line_quotation,4,,చంపకమాల,0.9840413865519856,True,చంపకమాల,0.9960067873139615,True,1.0,1.0,అకుటిలసౌమ్యమాననిలయస్ఫురణంబును నాతిమాత్రతా
p133-01,మత్తేభము,complete_four_line_quotation,4,corpus_overlap,మత్తేభము,0.9700993893052137,True,మత్తేభము,0.9947607712721707,True,1.0,1.0,సకలాశాగతినర్మకోపవిరతిశ్రౌతక్రియారంభణా
p133-06,మత్తేభము,complete_four_line_quotation,4,,మత్తేభము,0.9950091719642626,True,మత్తేభము,0.9947285027535917,True,1.0,1.0,ఒకనాఁ డింద్రునియంతవేలుపు మదీయోక్తిన్ విడంబించి తా
p148-01,మత్తేభము,complete_four_line_quotation,4,,మత్తేభము,0.9875305840844653,True,మత్తేభము,0.9947336941454389,True,1.0,1.0,మహి మున్ వాగనుశాసనుండు సృజయింపం గుండలీంద్రుండు త
p156-01,ఉత్పలమాల,complete_four_line_quotation,4,conflicting_source_labels,మత్తేభము,0.9976278900996834,False,మత్తేభము,0.9946758791825028,False,1.0,1.0,నను శ్రీరామపదారవిందభజనానందున్ జగత్ప్రాణనం
p166-01,ఉత్పలమాల,complete_four_line_quotation,4,,ఉత్పలమాల,0.9756490552326387,True,ఉత్పలమాల,0.9943343783914331,True,1.0,1.0,ఆపటుకీర్తి రామవసుధాధిపచంద్రుడు కృష్ణరాయధా
p190-01,ఉత్పలమాల,extended_26_line_quotation,26,extended_26_line_quotation,ఉత్పలమాల,0.9825198491020749,True,ఉత్పలమాల,0.9943994166105582,True,1.0,1.0,లొట్ట యిదేటిమాట పెనులోభులతో మొగమాట మేల తాఁ
p194-01,శార్దూలం,four_lines_reassembled_from_source_fragments,4,four_lines_reassembled_from_source_fragments,శార్దూలం,0.9203332254625511,True,శార్దూలం,0.9959283051886375,True,1.0,1.0,గుత్తిం బుల్లెలు గుట్టి చంద్రగిరిలోఁ గూ డెత్తి పెన్గొండలో
p209-01,ఉత్పలమాల,complete_four_line_quotation,4,,ఉత్పలమాల,0.9973088864262825,True,ఉత్పలమాల,0.9942317514536595,True,1.0,1.0,భండనభీమ ని న్నెదిరి పాఱక నిల్చినశాత్రవుల్ బృహ
p215-01,ఉత్పలమాల,complete_four_line_quotation,4,,ఉత్పలమాల,0.9981762745942894,True,ఉత్పలమాల,0.9943553492851909,True,1.0,1.0,వీరరసాతిరేకరణవిశ్రుత వేమనరేంద్ర నీయశం
p221-01,ఉత్పలమాల,complete_four_line_quotation,4,,ఉత్పలమాల,0.9950117022292123,True,ఉత్పలమాల,0.9944462514479142,True,1.0,1.0,అబ్జముఖీమనోజ నరసాధిపనందన కృష్ణ నీయశం
p193-unlabelled,,unlabelled_quotation,4,,ఉత్పలమాల,0.9952233969598201,,ఉత్పలమాల,0.9944039803679863,,1.0,1.0,ఆబ్జముఖీమనోజ నరపాధిపనందన కృష్ణ నీయశం
