split,method,level,label,precision,recall,f1,support,specificity,tp,fp,fn,tn,roc_auc_ovr,average_precision_ovr
train,raw,line,ఉత్పలమాల,0.9976798143851509,0.9984520123839009,0.9980657640232108,7752,0.9990172526752567,7740,18,12,18298,0.9996209546047589,0.9987117118053207
train,raw,line,చంపకమాల,0.9993600682593856,0.9993600682593856,0.9993600682593856,9376,0.9996405463695184,9370,6,6,16686,0.9998995681853684,0.9998003275073982
train,raw,line,మత్తేభము,0.9977879870682321,0.9972789115646259,0.9975333843667602,5880,0.999356053100852,5864,13,16,20175,0.9993240031796353,0.9979396681970376
train,raw,line,శార్దూలం,1.0,0.9990196078431373,0.9995095635115253,3060,1.0,3057,0,3,23008,0.9999824087898952,0.999887420829568
train,raw,poem,ఉత్పలమాల,0.9979381443298969,0.9989680082559339,0.998452810727179,1938,0.9991264468224503,1936,4,2,4575,0.99985170330474,0.999637596470359
train,raw,poem,చంపకమాల,0.9995733788395904,0.9995733788395904,0.9995733788395904,2344,0.9997603642463455,2343,1,1,4172,0.9999380463879204,0.9998726093984258
train,raw,poem,మత్తేభము,0.9979577944179714,0.9972789115646259,0.9976182374957469,1470,0.9994055874777096,1466,3,4,5044,0.9995368704248094,0.9990307489573138
train,raw,poem,శార్దూలం,1.0,0.9986928104575163,0.999345977763244,765,1.0,764,0,1,5752,1.0,1.0
train,calibrated,line,ఉత్పలమాల,0.9976798143851509,0.9984520123839009,0.9980657640232108,7752,0.9990172526752567,7740,18,12,18298,0.9996193488084767,0.9986983019815787
train,calibrated,line,చంపకమాల,0.9993600682593856,0.9993600682593856,0.9993600682593856,9376,0.9996405463695184,9370,6,6,16686,0.9999010122361451,0.9998043198137093
train,calibrated,line,మత్తేభము,0.9977879870682321,0.9972789115646259,0.9975333843667602,5880,0.999356053100852,5864,13,16,20175,0.9993240916338797,0.9979483879291126
train,calibrated,line,శార్దూలం,1.0,0.9990196078431373,0.9995095635115253,3060,1.0,3057,0,3,23008,0.9999824229935368,0.9998874647740786
train,calibrated,poem,ఉత్పలమాల,0.9979381443298969,0.9989680082559339,0.998452810727179,1938,0.9991264468224503,1936,4,2,4575,0.9998488861182798,0.9996272938495496
train,calibrated,poem,చంపకమాల,0.9995733788395904,0.9995733788395904,0.9995733788395904,2344,0.9997603642463455,2343,1,1,4172,0.9999417268005192,0.9998813385244159
train,calibrated,poem,మత్తేభము,0.9979577944179714,0.9972789115646259,0.9976182374957469,1470,0.9994055874777096,1466,3,4,5044,0.9995370052122295,0.9990364429647134
train,calibrated,poem,శార్దూలం,1.0,0.9986928104575163,0.999345977763244,765,1.0,764,0,1,5752,1.0,1.0
validation,raw,line,ఉత్పలమాల,0.9982825246887076,0.9935897435897436,0.9959306061255087,2340,0.9992150706436421,2325,4,15,5092,0.9982999906076828,0.9981985112376767
validation,raw,line,చంపకమాల,0.9969171483622351,0.998070987654321,0.9974937343358395,2592,0.9983484723369116,2587,8,5,4836,0.9990233080761741,0.9964388885309637
validation,raw,line,మత్తేభము,0.9941141848145968,0.99822695035461,0.9961663226186965,1692,0.9982590529247911,1689,10,3,5734,0.9985213268074571,0.9955026333089078
validation,raw,line,శార్దూలం,0.998769987699877,1.0,0.9993846153846154,812,0.9998490338164251,812,1,0,6623,1.0,1.0
validation,raw,poem,ఉత్పలమాల,1.0,0.9965811965811966,0.9982876712328768,585,1.0,583,0,2,1274,0.9982396114264246,0.9982811713136153
validation,raw,poem,చంపకమాల,0.9969230769230769,1.0,0.9984591679506933,648,0.9983484723369116,648,2,0,1209,0.9993781284725407,0.9978736015511401
validation,raw,poem,మత్తేభము,0.9976359338061466,0.9976359338061466,0.9976359338061466,423,0.9993036211699164,422,1,1,1435,0.9994238000223895,0.995886275166295
validation,raw,poem,శార్దూలం,1.0,1.0,1.0,203,1.0,203,0,0,1656,1.0,0.9999999999999999
validation,calibrated,line,ఉత్పలమాల,0.9982825246887076,0.9935897435897436,0.9959306061255087,2340,0.9992150706436421,2325,4,15,5092,0.9983012485072925,0.9982016021910017
validation,calibrated,line,చంపకమాల,0.9969171483622351,0.998070987654321,0.9974937343358395,2592,0.9983484723369116,2587,8,5,4836,0.9990247416939373,0.996481539433959
validation,calibrated,line,మత్తేభము,0.9941141848145968,0.99822695035461,0.9961663226186965,1692,0.9982590529247911,1689,10,3,5734,0.9985278090572052,0.9955714516142978
validation,calibrated,line,శార్దూలం,0.998769987699877,1.0,0.9993846153846154,812,0.9998490338164251,812,1,0,6623,1.0,1.0
validation,calibrated,poem,ఉత్పలమాల,1.0,0.9965811965811966,0.9982876712328768,585,1.0,583,0,2,1274,0.9982422949455916,0.9982833604897735
validation,calibrated,poem,చంపకమాల,0.9969230769230769,1.0,0.9984591679506933,648,0.9983484723369116,648,2,0,1209,0.9993883230877451,0.9979468832282388
validation,calibrated,poem,మత్తేభము,0.9976359338061466,0.9976359338061466,0.9976359338061466,423,0.9993036211699164,422,1,1,1435,0.9994155685941379,0.9957220405235826
validation,calibrated,poem,శార్దూలం,1.0,1.0,1.0,203,1.0,203,0,0,1656,1.0,0.9999999999999999
historical_test,raw,line,ఉత్పలమాల,0.9966688874083944,0.9986648865153538,0.9976658886295432,2996,0.9983164983164983,2992,10,4,5930,0.999385151020665,0.9987455406805595
historical_test,raw,line,చంపకమాల,0.9982758620689656,0.9931389365351629,0.9957007738607051,2332,0.9993943064809206,2316,4,16,6600,0.9994948549815954,0.999091803718647
historical_test,raw,line,మత్తేభము,0.995264743865691,0.998272884283247,0.9967665445139039,2316,0.9983383685800604,2312,11,4,6609,0.999302109585753,0.9993853301935057
historical_test,raw,line,శార్దూలం,0.9969016266460109,0.9961300309597523,0.9965156794425087,1292,0.9994767137624281,1287,4,5,7640,0.9999806602803065,0.9998861298759034
historical_test,raw,poem,ఉత్పలమాల,1.0,0.9986648865153538,0.9993319973279893,749,1.0,748,0,1,1485,1.0,1.0
historical_test,raw,poem,చంపకమాల,0.9982876712328768,1.0,0.9991431019708654,583,0.9993943064809206,583,1,0,1650,1.0,1.0
historical_test,raw,poem,మత్తేభము,1.0,1.0,1.0,579,1.0,579,0,0,1655,1.0,1.0
historical_test,raw,poem,శార్దూలం,1.0,1.0,1.0,323,1.0,323,0,0,1911,1.0,1.0
historical_test,calibrated,line,ఉత్పలమాల,0.9966688874083944,0.9986648865153538,0.9976658886295432,2996,0.9983164983164983,2992,10,4,5930,0.9993913321016126,0.9987677515608417
historical_test,calibrated,line,చంపకమాల,0.9982758620689656,0.9931389365351629,0.9957007738607051,2332,0.9993943064809206,2316,4,16,6600,0.9994946601830795,0.9990905252141037
historical_test,calibrated,line,మత్తేభము,0.995264743865691,0.998272884283247,0.9967665445139039,2316,0.9983383685800604,2312,11,4,6609,0.9993021748091563,0.9993855155834395
historical_test,calibrated,line,శార్దూలం,0.9969016266460109,0.9961300309597523,0.9965156794425087,1292,0.9994767137624281,1287,4,5,7640,0.9999804577701525,0.9998849090753902
historical_test,calibrated,poem,ఉత్పలమాల,1.0,0.9986648865153538,0.9993319973279893,749,1.0,748,0,1,1485,1.0,1.0
historical_test,calibrated,poem,చంపకమాల,0.9982876712328768,1.0,0.9991431019708654,583,0.9993943064809206,583,1,0,1650,1.0,1.0
historical_test,calibrated,poem,మత్తేభము,1.0,1.0,1.0,579,1.0,579,0,0,1655,1.0,1.0
historical_test,calibrated,poem,శార్దూలం,1.0,1.0,1.0,323,1.0,323,0,0,1911,1.0,1.0
calibration,raw,line,ఉత్పలమాల,0.9715864246250987,0.9498456790123457,0.9605930550136559,1296,0.9845890410958904,1231,36,65,2300,0.9790304136542365,0.9662842405036892
calibration,raw,line,చంపకమాల,0.9663636363636363,0.9628623188405797,0.9646098003629764,1104,0.9853639240506329,1063,37,41,2491,0.9930223525499908,0.9860815789373647
calibration,raw,line,మత్తేభము,0.9696586599241467,0.9884020618556701,0.978940650925335,776,0.9915966386554622,767,24,9,2832,0.9963749675127782,0.9948370369980146
calibration,raw,line,శార్దూలం,0.9535864978902954,0.9912280701754386,0.9720430107526882,456,0.993073047858942,452,22,4,3154,0.9981871298996863,0.9763605660829696
calibration,raw,poem,ఉత్పలమాల,0.9905660377358491,0.9722222222222222,0.9813084112149533,324,0.9948630136986302,315,3,9,581,0.9932299594114663,0.9942468650961379
calibration,raw,poem,చంపకమాల,0.9785714285714285,0.9927536231884058,0.9856115107913669,276,0.990506329113924,274,6,2,626,0.9994553751605211,0.9988180514308849
calibration,raw,poem,మత్తేభము,1.0,0.9896907216494846,0.9948186528497409,194,1.0,192,0,2,714,0.9992852811227584,0.9982583301080186
calibration,raw,poem,శార్దూలం,0.9661016949152542,1.0,0.9827586206896551,114,0.9949622166246851,114,4,0,790,0.9984201688099342,0.9833065696724624
calibration,calibrated,line,ఉత్పలమాల,0.9715864246250987,0.9498456790123457,0.9605930550136559,1296,0.9845890410958904,1231,36,65,2300,0.9791232308578556,0.9666148337352525
calibration,calibrated,line,చంపకమాల,0.9663636363636363,0.9628623188405797,0.9646098003629764,1104,0.9853639240506329,1063,37,41,2491,0.9930413427582094,0.9861324562702988
calibration,calibrated,line,మత్తేభము,0.9696586599241467,0.9884020618556701,0.978940650925335,776,0.9915966386554622,767,24,9,2832,0.9963641384388807,0.9948424510358563
calibration,calibrated,line,శార్దూలం,0.9535864978902954,0.9912280701754386,0.9720430107526882,456,0.993073047858942,452,22,4,3154,0.9981988681559061,0.9766618565441713
calibration,calibrated,poem,ఉత్పలమాల,0.9905660377358491,0.9722222222222222,0.9813084112149533,324,0.9948630136986302,315,3,9,581,0.9932246744461357,0.9942226151870922
calibration,calibrated,poem,చంపకమాల,0.9785714285714285,0.9927536231884058,0.9856115107913669,276,0.990506329113924,274,6,2,626,0.9994553751605211,0.9988180514308849
calibration,calibrated,poem,మత్తేభము,1.0,0.9896907216494846,0.9948186528497409,194,1.0,192,0,2,714,0.9993069392705536,0.9982936366868111
calibration,calibrated,poem,శార్దూలం,0.9661016949152542,1.0,0.9827586206896551,114,0.9949622166246851,114,4,0,790,0.998442264351054,0.9836923881932924
