split,method,level,observations,accuracy,balanced_accuracy,mcc,cohen_kappa,log_loss,brier_multiclass_sum,ece_top_label,top_2_accuracy,roc_auc_ovr_macro,roc_auc_ovr_weighted,roc_auc_ovo_macro,average_precision_ovr_macro,ranking_classes_present,macro_precision,macro_recall,macro_f1,micro_precision,micro_recall,micro_f1,weighted_precision,weighted_recall,weighted_f1
train,raw,line,26068,0.9983121067976063,0.9981722008155396,0.9976476411997275,0.9976475768596966,0.01214564195320997,0.0033129179317054613,0.0005398608864985129,0.9991944146079484,0.9996992968052242,0.9996943531103671,0.9997086960372091,0.9993077708661782,4,0.9982997164963106,0.9981722008155396,0.9982358640333038,0.9983121067976063,0.9983121067976063,0.9983121067976063,0.9983120137883427,0.9983121067976063,0.9983119696077829
train,raw,poem,6517,0.99877244130735,0.9986282772794166,0.9982892273794092,0.9982891276483844,0.009238925272506382,0.002502350999149861,0.001331066001408821,0.9992327758170938,0.9998413749596764,0.9998402554574735,0.9998438710162469,0.9996995508254678,4,0.9988673293968646,0.9986282772794166,0.99874760120644,0.99877244130735,0.99877244130735,0.99877244130735,0.9987727607036608,0.99877244130735,0.9987724458028084
train,calibrated,line,26068,0.9983121067976063,0.9981722008155396,0.9976476411997275,0.9976475768596966,0.01476815651673121,0.00362123488012826,0.005512860112141004,0.9991944146079484,0.9997015312409105,0.9996969894613443,0.9997101059344611,0.9993197076738268,4,0.9982997164963106,0.9981722008155396,0.9982358640333038,0.9983121067976063,0.9983121067976063,0.9983121067976063,0.9983120137883427,0.9983121067976063,0.9983119696077829
train,calibrated,poem,6517,0.99877244130735,0.9986282772794166,0.9982892273794092,0.9982891276483844,0.012775176455145167,0.002589630947667159,0.006283598559401072,0.9992327758170938,0.9998374670969259,0.9998342096073821,0.9998436971814343,0.9997117016622769,4,0.9988673293968646,0.9986282772794166,0.99874760120644,0.99877244130735,0.99877244130735,0.99877244130735,0.9987727607036608,0.99877244130735,0.9987724458028084
validation,raw,line,7436,0.9952931683700914,0.9958154032683257,0.993432431416409,0.993427087289978,0.028432043092898155,0.008293916285761191,0.001392365544373401,0.9986551909628832,0.9989043885914999,0.998683334303503,0.999041882449935,0.9971389312705566,4,0.9936679748576123,0.9958154032683257,0.9947285068477923,0.9952931683700914,0.9952931683700914,0.9952931683700914,0.9953163683184376,0.9952931683700914,0.995295998860838
validation,raw,poem,1859,0.9983862291554599,0.9985542825968358,0.9977469041273511,0.997745289243368,0.016793446502077196,0.004106137711917359,0.005225731865634648,0.9994620763851533,0.9995568469680123,0.999436144058983,0.9996061061983182,0.9994707298439927,4,0.9986397526823059,0.9985542825968358,0.9985956932474291,0.9983862291554599,0.9983862291554599,0.9983862291554599,0.9983895394546283,0.9983862291554599,0.9983861369033254
validation,calibrated,line,7436,0.9952931683700914,0.9958154032683257,0.993432431416409,0.993427087289978,0.02921505375579212,0.008834132447939243,0.006706345700936441,0.9986551909628832,0.9989035330045182,0.998682459854732,0.999040796913162,0.9971587104765195,4,0.9936679748576123,0.9958154032683257,0.9947285068477923,0.9952931683700914,0.9952931683700914,0.9952931683700914,0.9953163683184376,0.9952931683700914,0.995295998860838
validation,calibrated,poem,1859,0.9983862291554599,0.9985542825968358,0.9977469041273511,0.997745289243368,0.020926516470220455,0.004380893499849695,0.011297782612131916,0.9994620763851533,0.9995495456848353,0.9994260481977663,0.9996013867209057,0.9994587001490312,4,0.9986397526823059,0.9985542825968358,0.9985956932474291,0.9983862291554599,0.9983862291554599,0.9983862291554599,0.9983895394546283,0.9983862291554599,0.9983861369033254
historical_test,raw,line,8936,0.9941808415398389,0.9942298846372161,0.99204605631091,0.9920452447589607,0.03126298404881537,0.010568691661396184,0.0015686852040987134,0.9988809310653536,0.9993017347586299,0.9992336228711437,0.9993484482281114,0.9979877273220679,4,0.9935051525659987,0.9942298846372161,0.9938648300997921,0.9941808415398389,0.9941808415398389,0.9941808415398389,0.9941858313901567,0.9941808415398389,0.9941816219809627
historical_test,raw,poem,2234,1.0,1.0,1.0,1.0,0.01148269455468251,0.002971013405199123,0.010554664068907423,1.0,1.0,1.0,1.0,1.0,4,1.0,1.0,1.0,1.0,1.0,1.0,1.0,1.0,1.0
historical_test,calibrated,line,8936,0.9941808415398389,0.9942298846372161,0.99204605631091,0.9920452447589607,0.03293882221714646,0.011288318574000401,0.008058528895210988,0.9988809310653536,0.999297962708741,0.999229780319868,0.9993441912779809,0.9979806017420657,4,0.9935051525659987,0.9942298846372161,0.9938648300997921,0.9941808415398389,0.9941808415398389,0.9941808415398389,0.9941858313901567,0.9941808415398389,0.9941816219809627
historical_test,calibrated,poem,2234,1.0,1.0,1.0,1.0,0.01860892620150704,0.003376996270269363,0.01753920877432302,1.0,1.0,1.0,1.0,1.0,4,1.0,1.0,1.0,1.0,1.0,1.0,1.0,1.0,1.0
calibration,raw,line,3632,0.9545704845814978,0.9628651767040657,0.9373561327764705,0.9371002114292719,0.2797287146352594,0.08004390418712844,0.034459514322414175,0.9829295154185022,0.9906434557554094,0.9884380572543039,0.9920820717562457,0.9763118119707437,4,0.9471587144533002,0.9628651767040657,0.9543424322613705,0.9545704845814978,0.9545704845814978,0.9545704845814978,0.955445363935235,0.9545704845814978,0.9545726349297597
calibration,raw,poem,908,0.98568281938326,0.9883982574386728,0.9801190103988243,0.9801020855387811,0.10590457188896646,0.03736658546400501,0.02986924253187929,0.9944933920704846,0.996909533156911,0.9963006327190753,0.9971990409649266,0.9892463524721452,4,0.9846665066256097,0.9883982574386728,0.9864829802716173,0.98568281938326,0.98568281938326,0.98568281938326,0.9857405386494703,0.98568281938326,0.9856807935983783
calibration,calibrated,line,3632,0.9545704845814978,0.9628651767040657,0.9373561327764705,0.9371002114292719,0.2211461423144267,0.07831655214925515,0.02522996816274601,0.9829295154185022,0.9906459192132162,0.988444823354645,0.9920830606885048,0.9763730089126367,4,0.9471587144533002,0.9628651767040657,0.9543424322613705,0.9545704845814978,0.9545704845814978,0.9545704845814978,0.955445363935235,0.9545704845814978,0.9545726349297597
calibration,calibrated,poem,908,0.98568281938326,0.9883982574386728,0.9801190103988243,0.9801020855387811,0.10026882216482572,0.037349352993465694,0.03558945472662898,0.9944933920704846,0.9969211477434657,0.9962990452151073,0.9972190586502677,0.9888019774613199,4,0.9846665066256097,0.9883982574386728,0.9864829802716173,0.98568281938326,0.98568281938326,0.98568281938326,0.9857405386494703,0.98568281938326,0.9856807935983783
