split,method,source,observations,accuracy,present_class_macro_f1
train,raw,అచ్చతెలుఁగు రామాయణము,104,1.0,1.0
train,raw,అనిరుద్ధచరిత్రము,228,0.9956140350877193,0.9959599123081742
train,raw,ఆముక్తమాల్యద,301,0.9867109634551495,0.9862013512147882
train,raw,ఘటికాచలమాహాత్మ్యము,98,1.0,1.0
train,raw,చిరవిభవశతకము,93,1.0,1.0
train,raw,తెలుఁగునాడు,116,1.0,1.0
train,raw,దాశరథి శతకము,92,1.0,1.0
train,raw,దేవకీనందన శతకము,98,1.0,1.0
train,raw,ధూర్తమానవా శతకము,34,1.0,1.0
train,raw,నారాయణ శతకము,101,1.0,1.0
train,raw,నీతి శతకమ్‌,1,1.0,1.0
train,raw,భక్తమందారశతకము,87,1.0,1.0
train,raw,భాస్కర శతకము,99,1.0,1.0
train,raw,మారుతి శతకము,94,1.0,1.0
train,raw,మృత్యుంజయం,105,1.0,1.0
train,raw,వృషాధిప శతకము,104,1.0,1.0
train,raw,వైరాగ్య శతకమ్‌,2,1.0,1.0
train,raw,శ్రీ (అలమేలుమంగా) వేంకటేశ్వర శతకము,81,1.0,1.0
train,raw,శ్రీ కాళహస్తీశ్వర శతకము,114,1.0,1.0
train,raw,శ్రీమదాంధ్ర మహాభారతము,2723,1.0,1.0
train,raw,శ్రీమహాభాగవతము,1759,0.9982944855031268,0.9985154023375876
train,raw,సుందరీమణిశతకము,83,1.0,1.0
train,calibrated,అచ్చతెలుఁగు రామాయణము,104,1.0,1.0
train,calibrated,అనిరుద్ధచరిత్రము,228,0.9956140350877193,0.9959599123081742
train,calibrated,ఆముక్తమాల్యద,301,0.9867109634551495,0.9862013512147882
train,calibrated,ఘటికాచలమాహాత్మ్యము,98,1.0,1.0
train,calibrated,చిరవిభవశతకము,93,1.0,1.0
train,calibrated,తెలుఁగునాడు,116,1.0,1.0
train,calibrated,దాశరథి శతకము,92,1.0,1.0
train,calibrated,దేవకీనందన శతకము,98,1.0,1.0
train,calibrated,ధూర్తమానవా శతకము,34,1.0,1.0
train,calibrated,నారాయణ శతకము,101,1.0,1.0
train,calibrated,నీతి శతకమ్‌,1,1.0,1.0
train,calibrated,భక్తమందారశతకము,87,1.0,1.0
train,calibrated,భాస్కర శతకము,99,1.0,1.0
train,calibrated,మారుతి శతకము,94,1.0,1.0
train,calibrated,మృత్యుంజయం,105,1.0,1.0
train,calibrated,వృషాధిప శతకము,104,1.0,1.0
train,calibrated,వైరాగ్య శతకమ్‌,2,1.0,1.0
train,calibrated,శ్రీ (అలమేలుమంగా) వేంకటేశ్వర శతకము,81,1.0,1.0
train,calibrated,శ్రీ కాళహస్తీశ్వర శతకము,114,1.0,1.0
train,calibrated,శ్రీమదాంధ్ర మహాభారతము,2723,1.0,1.0
train,calibrated,శ్రీమహాభాగవతము,1759,0.9982944855031268,0.9985154023375876
train,calibrated,సుందరీమణిశతకము,83,1.0,1.0
validation,raw,ఉత్తరరామాయణము,1463,0.9993164730006835,0.9993910280600655
validation,raw,నృసింహపురాణము,252,0.996031746031746,0.9934370699693024
validation,raw,రాధికాసాంత్వనము (ముద్దుపళని),128,0.9921875,0.9953539648791243
validation,raw,రాధికాసాంత్వనము (సముఖము),16,1.0,1.0
validation,calibrated,ఉత్తరరామాయణము,1463,0.9993164730006835,0.9993910280600655
validation,calibrated,నృసింహపురాణము,252,0.996031746031746,0.9934370699693024
validation,calibrated,రాధికాసాంత్వనము (ముద్దుపళని),128,0.9921875,0.9953539648791243
validation,calibrated,రాధికాసాంత్వనము (సముఖము),16,1.0,1.0
historical_test,raw,ఆంధ్ర పురాణము,1026,1.0,1.0
historical_test,raw,క్రీడాభిరామము,81,1.0,1.0
historical_test,raw,పాండురంగమాహాత్మ్యము,387,1.0,1.0
historical_test,raw,ప్రభావతీప్రద్యుమ్నము,197,1.0,1.0
historical_test,raw,శృంగారనైషధము,376,1.0,1.0
historical_test,raw,హరవిలాసము,167,1.0,1.0
historical_test,calibrated,ఆంధ్ర పురాణము,1026,1.0,1.0
historical_test,calibrated,క్రీడాభిరామము,81,1.0,1.0
historical_test,calibrated,పాండురంగమాహాత్మ్యము,387,1.0,1.0
historical_test,calibrated,ప్రభావతీప్రద్యుమ్నము,197,1.0,1.0
historical_test,calibrated,శృంగారనైషధము,376,1.0,1.0
historical_test,calibrated,హరవిలాసము,167,1.0,1.0
calibration,raw,కళాపూర్ణోదయము,339,0.9705014749262537,0.968898316777042
calibration,raw,కవికర్ణరసాయనము,330,0.990909090909091,0.9884974715000334
calibration,raw,శివరాత్రి మాహాత్మ్యము,98,1.0,1.0
calibration,raw,సర్వేశ్వరశతకము,141,1.0,1.0
calibration,calibrated,కళాపూర్ణోదయము,339,0.9705014749262537,0.968898316777042
calibration,calibrated,కవికర్ణరసాయనము,330,0.990909090909091,0.9884974715000334
calibration,calibrated,శివరాత్రి మాహాత్మ్యము,98,1.0,1.0
calibration,calibrated,సర్వేశ్వరశతకము,141,1.0,1.0
